time,gyroX_mdps_filtered,gyroY_mdps_filtered,gyroZ_mdps_filtered,accX_mg_filtered,accY_mg_filtered,accZ_mg_filtered,magX_mG_filtered,magY_mG_filtered,magZ_mG_filtered
0.0,-201.8021443792229,-587.050160137509,-16.89418164920741,-916.4160021404697,3.038474171023345,1.0822844118415949,0.0,0.0,0.0
0.004,-192.7004309389081,-567.4047441985476,-62.814473442847216,-906.6912704184933,-9.8090328376698,16.82283982255561,0.0,0.0,0.0
0.009,-183.62581956966906,-546.9983586738847,-107.4632599609169,-897.2831207804223,-22.274925825471378,32.388889975928244,0.0,0.0,0.0
0.014,-174.59811646038688,-525.8255153779785,-150.36443154164826,-888.2413577184735,-34.23686245191565,47.6942526970204,0.0,0.0,0.0
0.018,-165.64378109514686,-503.88664178594445,-191.06155989903496,-879.610775617779,-45.579078662768985,62.65888967247113,0.0,0.0,0.0
0.023,-156.7968621494508,-481.18948653842625,-229.1265286336967,-871.4309718390583,-56.19464079983216,77.2102205671139,0.0,0.0,0.0
0.028,-148.09953890643263,-457.75047143610834,-264.1676891369841,-863.7361080392319,-65.98754957488254,91.28431259634635,0.0,0.0,0.0
0.032,-139.60221320881587,-433.5959351121824,-295.8373381881224,-856.5546102261185,-74.87464651817093,104.8269188847374,0.0,0.0,0.0
0.037,-131.3631227490903,-408.76321005201197,-323.83832279305454,-849.9088265894344,-82.78728120798802,117.79433856400045,0.0,0.0,0.0
0.042,-123.44747214897264,-383.3014738108399,-347.9295971277358,-843.8146892276055,-89.67270500650221,130.154072073203,0.0,0.0,0.0
0.047,-115.92610248970837,-357.27231830513426,-367.9305862791945,-838.2814460487948,-95.49516182272292,141.8852470189402,0.0,0.0,0.0
0.051,-108.87374247097411,-330.74998847128643,-383.72424876521626,-833.3115380178043,-100.23664801229314,152.97879362405706,0.0,0.0,0.0
0.056,-102.36690533634608,-303.8212530225532,-395.2587702639879,-828.9006922532958,-103.89731394270898,163.4373543365166,0.0,0.0,0.0
0.061,-96.48151470850932,-276.5848843648117,-402.5478616101233,-825.0382835841075,-106.49548273421429,173.27491933522168,0.0,0.0,0.0
0.065,-91.29035801531086,-249.15074079523396,-405.6696737728939,-821.7079891442096,-108.0672701264703,182.5161879788982,0.0,0.0,0.0
0.07,-86.86047593689001,-221.6384612413832,-404.76438111706847,-818.8887275694084,-108.66580329346922,191.19566517922192,0.0,0.0,0.0
0.075,-83.2505985093897,-194.175800446091,-400.0305214799319,-816.5558419299566,-108.36005295345058,199.35651081163476,0.0,0.0,0.0
0.079,-80.50873344532594,-166.89664946377516,-391.7202159669355,-814.6824581303583,-107.23330858169065,207.04916928737674,0.0,0.0,0.0
0.084,-78.67000205723721,-139.93880075082006,-380.13342020018126,-813.2409308811184,-105.38133819867629,214.3298150127857,0.0,0.0,0.0
0.089,-77.75480545865219,-113.4415272737163,-365.6113796235138,-812.2042789016562,-102.9102812482772,221.25865731206423,0.0,0.0,0.0
0.094,-77.76739020347539,-87.54304999611318,-348.52947351004826,-811.5475103883405,-99.93432621470815,227.89815504346143,0.0,0.0,0.0
0.098,-78.6948690617815,-62.37796788494183,-329.2896362936576,-811.2487489992347,-96.57322524872892,234.3111960687732,0.0,0.0,0.0
0.103,-80.50673941432298,-38.074720116806574,-308.31254226237735,-811.2900886317356,-92.94969775400959,240.55929939553548,0.0,0.0,0.0
0.108,-83.1549283226419,-14.753143023072331,-286.0297318312413,-811.658129771382,-89.18677507311895,246.70089777887594,0.0,0.0,0.0
0.112,-86.57437875505632,7.477823818253796,-262.8758453270952,-812.3441779782024,-85.40514003284811,252.78975570750987,0.0,0.0,0.0
0.116,-90.68417489039818,28.52223574130123,-239.28111410179267,-813.344112550074,-81.72051831699434,258.87357211754767,0.0,0.0,0.0
0.122,-95.3891857320409,48.2990055094863,-215.6642402759814,-814.6579569591928,-78.24118282257662,264.9928090665282,0.0,0.0,0.0
0.126,-100.58218613728864,66.7434955853853,-192.4257782743781,-816.2891996481732,-75.06563586588427,271.1797772526224,0.0,0.0,0.0
0.131,-106.14639425002883,83.80880959573597,-169.9421165956325,-818.2439233919428,-72.2805352028075,277.4579973001706,0.0,0.0,0.0
0.136,-111.95834614255739,99.46675600513804,-148.56014777958126,-820.5298045808871,-69.9589265037401,283.8418431318165,0.0,0.0,0.0
0.141,-117.89101394315051,113.70846100924281,-128.59270529409505,-823.1550421689057,-68.1588369217784,290.3364616193452,0.0,0.0,0.0
0.145,-123.8170637311773,126.54461257937363,-110.31483291802955,-826.1272713142387,-66.92227333708112,296.9379520169244,0.0,0.0,0.0
0.15,-129.6121441904852,138.00532357313207,-93.96093166371996,-829.4525101845932,-66.27465717662332,303.6337800746478,0.0,0.0,0.0
0.155,-135.1580962600135,148.13960892062263,-79.7228020294147,-833.1341810927835,-66.22471667942236,310.4033954661684,0.0,0.0,0.0
0.159,-140.34597726575726,157.01448000085284,-67.74856966210481,-837.1722401830784,-66.76484620695607,317.21901718647445,0.0,0.0,0.0
0.164,-145.07879941564704,164.7136681280562,-58.142455831836074,-841.5624440722479,-67.87192870107832,324.04654967894686,0.0,0.0,0.0
0.169,-149.27389138490807,171.33599824092838,-50.96533480085511,-846.2957770167435,-69.50860060386843,330.8465924283197,0.0,0.0,0.0
0.173,-152.86480251981612,176.99344309286806,-46.23600984277579,-851.3580570930471,-71.62491946210034,337.57550743852914,0.0,0.0,0.0
0.178,-155.8026815414886,181.80889703447758,-43.93313687916965,-856.7297328774649,-74.16037568946162,344.18651219980876,0.0,0.0,0.0
0.183,-158.05707570226892,185.91371643263923,-43.99772579127341,-862.3858724448517,-77.0461743472082,350.6307700981816,0.0,0.0,0.0
0.188,-159.61611314168678,189.44508056967632,-46.33615022813914,-868.2963352694036,-80.20770192351928,356.85845521610753,0.0,0.0,0.0
0.192,-160.48605161711225,192.54323210269808,-50.823594235583215,-874.4261073313395,-83.56708716897737,362.81977350850997,0.0,0.0,0.0
0.197,-160.69020056010442,195.34865923061037,-57.30785771862766,-880.7357729385351,-87.04576355147323,368.465926872797,0.0,0.0,0.0
0.202,-160.26724919688507,197.99928213774905,-65.61343405302428,-887.1820945253238,-90.56694311809899,373.7500103258169,0.0,0.0,0.0
0.206,-159.26905970586733,200.62770404579118,-75.54576408206678,-893.7186730837011,-94.05791685802392,378.6278352908706,0.0,0.0,0.0
0.211,-157.75800957840264,203.3585827321341,-86.89556316584775,-900.2966648601531,-97.45210447654107,383.05867407639704,0.0,0.0,0.0
0.216,-155.80398985730548,206.30617240161573,-99.44311427119733,-906.8655326214379,-100.6907862113158,387.0059222915157,0.0,0.0,0.0
0.22,-153.48118381171898,209.57207937834383,-112.96242336206484,-913.3738112787851,-103.72446036902758,390.4376773672581,0.0,0.0,0.0
0.225,-150.8647619945439,213.24326936102625,-127.22514563553614,-919.7698683641967,-106.51378238372588,393.327232522346,0.0,0.0,0.0
0.23,-148.02763339663906,217.39035959722153,-142.00421126152662,-926.0026411129805,-109.03005477937309,395.65348639781064,0.0,0.0,0.0
0.235,-145.0373883671749,222.06622594569595,-157.0771027499621,-932.0223351330634,-111.25525340736287,397.40126927457726,0.0,0.0,0.0
0.239,-141.9535572833407,227.30495140139027,-172.22875785517877,-937.7810753834744,-113.18159472547683,398.5615874091316,0.0,0.0,0.0
0.244,-138.82528982652894,233.12113841657856,-187.25408926684727,-943.2335075745727,-114.81067202660984,399.13178758963437,0.0,0.0,0.0
0.249,-135.68953391217943,239.5096021381621,-201.9601250933496,-948.3373550737805,-116.15221442371204,399.11564437609076,0.0,0.0,0.0
0.253,-132.5697627463474,246.44545584690312,-216.16778312304965,-953.0539407736155,-117.22254831708845,398.5233723731039,0.0,0.0,0.0
0.258,-129.47526598758762,253.88459366358498,-229.71329724962266,-957.3486840983143,-118.04286279960543,397.3715650683197,0.0,0.0,0.0
0.263,-126.4009894805793,261.7645688434529,-242.4493157190028,-961.191580987799,-118.6373934988432,395.6830603178543,0.0,0.0,0.0
0.267,-123.3278800008561,270.00585853654064,-254.24568759342762,-964.5576711584797,-119.03164058391978,393.4867309180042,0.0,0.0,0.0
0.272,-120.22366926271569,278.51349797305517,-264.98994685565015,-967.4274942690819,-119.25072561548069,390.8171974928758,0.0,0.0,0.0
0.277,-117.0440172512015,287.17905923009886,-274.58749550975864,-969.7875359933,-119.31797097962388,387.7144606325563,0.0,0.0,0.0
0.282,-113.73392981918354,295.8829425391072,-282.96148142105125,-971.6306661012705,-119.25375894338744,384.2234500072555,0.0,0.0,0.0
0.286,-110.22936884890173,304.49694162811784,-290.05236566453357,-972.956571773443,-119.07469922646912,380.39348994024186,0.0,0.0,0.0
0.291,-106.45898336941616,312.8870388531345,-295.8171773674123,-973.7721881808328,-118.79310795844496,376.277683367091,0.0,0.0,0.0
0.296,-102.34590463672117,320.91638105956895,-300.2284601929873,-974.0921230843675,-118.41677940583574,371.9322189134482,0.0,0.0,0.0
0.3,-97.8095646891608,328.44838363271947,-303.2729242860477,-973.9390627433463,-117.94901614737604,367.41560863568185,0.0,0.0,0.0
0.305,-92.76751333677124,335.3499083176328,-304.94983212126147,-973.3441347302382,-117.38887374394524,362.78786643368943,0.0,0.0,0.0
0.31,-87.13722041981445,341.4944599099716,-305.26916500568285,-972.3471924841417,-116.73157220704064,358.1096390088572,0.0,0.0,0.0
0.314,-80.83785709349,346.7653471961902,-304.2496344084816,-970.9969795389981,-115.9690283161034,353.44130243480737,0.0,0.0,0.0
0.319,-73.79205148668163,351.05875400761835,-301.91661489675846,-969.3511299349084,-115.09046928522737,348.84203802382524,0.0,0.0,0.0
0.324,-65.92761043700114,354.28666701778025,-298.3000832268448,-967.4759652869373,-114.08309810159065,344.36890138854335,0.0,0.0,0.0
0.329,-57.17919044853722,356.37960843463344,-293.43265331424357,-965.4460570972601,-112.93279231489247,340.075898621961,0.0,0.0,0.0
0.333,-47.48988841415414,357.28912424817975,-287.34780011463727,-963.3435335997606,-111.62482913353773,336.0130834346456,0.0,0.0,0.0
0.338,-36.81270783650094,356.9899819728155,-280.07836513860684,-961.2571225058674,-110.14463824724056,332.22568875770776,0.0,0.0,0.0
0.343,-25.11184201106553,355.4820356039424,-271.6554301832417,-959.2809337651134,-108.47858818305406,328.7533055444567,0.0,0.0,0.0
0.347,-12.363704794737554,352.7917197678354,-262.10763302701844,-957.5129994534786,-106.61481159523451,325.62912027320164,0.0,0.0,0.0
0.351,1.4423655566884508,348.97313993180643,-251.4609797264392,-956.0536007913031,-104.54407005476328,322.8792211363987,0.0,0.0,0.0
0.357,16.303802227592346,344.10873119558477,-239.73918377022397,-955.0034245901223,-102.26065052401017,320.5219812362487,0.0,0.0,0.0
0.361,32.2049693543819,338.3094646447864,-226.96453399804182,-954.4616024146422,-99.7632748315749,318.5675253013016,0.0,0.0,0.0
0.366,49.11783411622329,331.71458747804604,-213.15926223955972,-954.5236944442107,-97.05599126502666,317.01728447204727,0.0,0.0,0.0
0.371,67.0031795380092,324.4908911140394,-198.34734899320406,-955.2796853369307,-94.1490053488417,315.8636417473194,0.0,0.0,0.0
0.376,85.81236045456741,316.83151034774676,-182.55667158048553,-956.812060160658,-91.05939724937232,315.0896692290804,0.0,0.0,0.0
0.38,105.48957615896933,308.9542662953111,-165.82136420031074,-959.1940233273857,-87.81166940672367,314.66895805272037,0.0,0.0,0.0
0.385,125.97460355352624,301.0995753532829,-148.18422356570107,-962.4879118566926,-84.43807284105647,314.5655434953464,0.0,0.0,0.0
0.39,147.20590609267674,293.5279535007731,-129.69896147445832,-966.7438383435738,-80.97867320289443,314.7339315323648,0.0,0.0,0.0
0.394,169.1240072089236,286.51714812531094,-110.43208825319765,-971.998584077175,-77.48113227861712,315.11923870763655,0.0,0.0,0.0
0.399,191.67499276747813,280.3589290843961,-90.4642218988038,-978.2747544343298,-74.00019093825853,315.6574632683039,0.0,0.0,0.0
0.404,214.8139870367424,275.3555706699649,-69.89065902194857,-985.5802084913557,-70.59684389151965,316.2759100078743,0.0,0.0,0.0
0.408,238.5084334850651,271.81605963741833,-48.821101929081,-993.9077782710827,-67.33719988631783,316.89379226735923,0.0,0.0,0.0
0.413,262.7410080487468,270.05207111212235,-27.37849380928205,-1003.2352921618236,-64.29103054658763,317.42303138519105,0.0,0.0,0.0
0.418,287.51199962359533,270.37376123497864,-5.696962588088213,-1013.5259064644628,-61.530030566548945,317.76926739404564,0.0,0.0,0.0
0.423,312.8410102571125,273.08543063931916,16.08108411129105,-1024.7287305255597,-59.12583803356512,317.8330866622014,0.0,0.0,0.0
0.427,338.76785484005376,278.4811158344027,37.80862963473927,-1036.7797117886569,-57.147888881147374,317.5114639487903,0.0,0.0,0.0
0.432,365.35257547169095,286.8401671285775,59.33835921713695,-1049.6027346981557,-55.66119813380263,316.69940849493025,0.0,0.0,0.0
0.437,392.67452703051293,298.42287305744935,80.52744468224013,-1063.1108846620505,-54.72417090115686,315.29179611848065,0.0,0.0,0.0
0.441,420.83053507479224,313.4661933192489,101.24260094927365,-1077.2078331480236,-54.38654873703868,313.1853615880453,0.0,0.0,0.0
0.446,449.93217177857196,332.179665246219,121.3651865688466,-1091.789308379877,-54.68759284183268,310.2808178358119,0.0,0.0,0.0
0.451,480.1022371439816,354.7415524881337,140.79610687609556,-1106.7446248284737,-55.65459486241294,306.48506110571475,0.0,0.0,0.0
0.455,511.47056899406505,381.29530814988794,159.46027838663008,-1121.9582517758029,-57.301789289184036,301.7134144371564,0.0,0.0,0.0
0.46,544.1693346128752,411.946427395721,177.31042769894682,-1137.3114054375858,-59.629720194253004,295.8918565693579,0.0,0.0,0.0
0.465,578.3279778418125,446.75976588304064,194.33002619037916,-1152.6836502044325,-62.62509108402322,288.9591798849659,0.0,0.0,0.0
0.47,614.0680067645121,485.7573998112027,210.5351986707434,-1167.9544934439161,-66.26110090389952,280.86901950527897,0.0,0.0,0.0
0.474,651.4978086509436,528.9171005046118,225.9754850118686,-1183.0049566426228,-70.49824193710067,271.5916958455616,0.0,0.0,0.0
0.479,690.7076716459329,576.1714908829085,240.7333780399595,-1197.7191048579896,-75.2855075644006,261.1158144390476,0.0,0.0,0.0
0.484,731.7651784859712,627.4079419646454,254.92261191935543,-1211.9855169515358,-80.56193284695466,249.44956940905672,0.0,0.0,0.0
0.488,774.711117945359,682.4692532836353,268.68523426064223,-1225.6986804647645,-86.25837327121418,236.62170070325087,0.0,0.0,0.0
0.493,819.5560359320158,741.1551413113166,282.1875581982876,-1238.7602965292426,-92.29942032148388,222.68206041399358,0.0,0.0,0.0
0.498,866.2775209419651,803.2245366618947,295.61515024504087,-1251.0804813140564,-98.60535705467844,207.70175039378222,0.0,0.0,0.0
0.502,914.8182888309898,868.3986673318869,309.1670591705299,-1262.5788509906167,-105.09406908550906,191.77280176578964,0.0,0.0,0.0
0.507,965.0851013049564,936.3648833366832,323.0495267221134,-1273.1854769683296,-111.68284139070126,175.00737635695506,0.0,0.0,0.0
0.512,1016.9485236069165,1006.7811574923144,337.4694410876795,-1282.8416971905426,-118.28998543647754,157.53648008171234,0.0,0.0,0.0
0.517,1070.2435015617048,1079.2811770143007,352.62779769260686,-1291.5007678016782,-124.83625314254562,139.50818872645152,0.0,0.0,0.0
0.521,1124.770717048509,1153.4799213148392,368.71341939816307,-1299.128338034767,-131.24600495948843,121.08539767110388,0.0,0.0,0.0
0.526,1180.298663725924,1228.9796037337053,385.8971619068111,-1305.702730063957,-137.44811049068247,102.4431192431795,0.0,0.0,0.0
0.531,1236.5663709776136,1305.375839653665,404.3267947007508,-1311.2150045834458,-143.37657287321727,83.76536479905722,0.0,0.0,0.0
0.535,1293.2866935671902,1382.2638909721388,424.12270775438134,-1315.6687915319828,-148.9708827701193,65.2416629218803,0.0,0.0,0.0
0.54,1350.1500777131744,1459.2448276550506,445.3745525397743,-1319.0798634796874,-154.17612357964663,47.0632796748483,0.0,0.0,0.0
0.545,1406.8287114669474,1535.9314416615528,468.1388836589383,-1321.4754269832097,-158.94286500454854,29.41922121912552,0.0,0.0,0.0
0.549,1462.980968172135,1611.9537476204666,492.4378251578811,-1322.8931054862228,-163.2268957351912,12.492112937517655,0.0,0.0,0.0
0.554,1518.2560556566589,1686.9639090718974,518.2587436758812,-1323.3795875021663,-166.9888556674269,-3.5459384988743996,0.0,0.0,0.0
0.559,1572.298789774557,1760.640439590317,545.5548699769666,-1322.988917576393,-170.19383182263604,-18.537384563859625,0.0,0.0,0.0
0.564,1624.754418254091,1832.6915450689569,574.2467727282559,-1321.7804162700932,-172.81097869882362,-32.343055780191705,0.0,0.0,0.0
0.568,1675.2734287323685,1902.8574968774296,604.224556302568,-1319.8162297492563,-174.81321321450062,-44.84564508057941,0.0,0.0,0.0
0.573,1723.5162821283448,1970.911955303784,635.3506313970398,-1317.1585293240055,-176.17701821587664,-55.95274140222454,0.0,0.0,0.0
0.578,1769.1580176126924,2036.6621982653203,667.4628965996926,-1313.866405793806,-176.88236914761538,-65.59931361784061,0.0,0.0,0.0
0.582,1811.8926772186603,2099.9482508536657,700.3781721843252,-1309.9925317200468,-176.91277854327848,-73.74956194047559,0.0,0.0,0.0
0.586,1851.4374961654244,2160.6409550885533,733.8957432681655,-1305.5796952675084,-176.25543470025022,-80.39807441467553,0.0,0.0,0.0
0.592,1887.5367993275504,2218.639063370854,767.8008946703058,-1300.6573396745273,-174.90139609786914,-85.57024866429694,0.0,0.0,0.0
0.596,1919.9655356046526,2273.8654802067026,801.8683502439757,-1295.2382694207893,-172.84579362374643,-89.32196261014718,0.0,0.0,0.0
0.601,1948.5323720812517,2326.262812553429,835.8655619297061,-1289.315703954418,-170.08799042589342,-91.7385017182633,0.0,0.0,0.0
0.606,1973.0822622507437,2375.7884189603583,869.555826175041,-1282.8608690944575,-166.631655572386,-92.93277410024068,0.0,0.0,0.0
0.611,1993.4984010871276,2422.409171353369,902.7012350715522,-1275.8213130644685,-162.48472239430797,-93.04286808131343,0.0,0.0,0.0
0.615,2009.7034869259278,2466.0961599843727,935.0654923800823,-1268.12011844211,-157.65922278711304,-92.22902908594837,0.0,0.0,0.0
0.62,2021.660226222626,2506.8195803471626,966.4166359202927,-1259.656154383133,-152.17101024381972,-90.67015296540829,0.0,0.0,0.0
0.625,2029.371040491846,2544.5440393822173,996.5297049739031,-1250.305476963534,-146.03940193745603,-88.55991002950225,0.0,0.0,0.0
0.629,2032.8769621233148,2579.224505932821,1025.189375503357,-1239.9239406110596,-139.28678007544764,-86.102626609578,0.0,0.0,0.0
0.634,2032.2557342438654,2610.8031065093833,1052.1925616155013,-1228.3510309162393,-131.93819378442862,-83.50905726849248,0.0,0.0,0.0
0.639,2027.6191570812705,2639.2069319865727,1077.3509547961498,-1215.4148688704543,-124.0209962966191,-80.99217906526127,0.0,0.0,0.0
0.643,2019.109748518904,2664.346974564851,1100.4934486719667,-1200.9382694043097,-115.56454145800944,-78.7631285489155,0.0,0.0,0.0
0.648,2006.8968102352687,2686.1182585820147,1121.4683805481639,-1184.745664683858,-106.5999524908497,-77.02738294875645,0.0,0.0,0.0
0.653,1991.1720140528637,2704.4011663013794,1140.1455134568293,-1166.67062851092,-97.15996767848308,-75.98126192685373,0.0,0.0,0.0
0.658,1972.1446460785432,2719.0638951930437,1156.4176834632785,-1146.5636687509639,-87.27886366758933,-75.8087991766825,0.0,0.0,0.0
0.662,1950.0366673418234,2729.9659223750614,1170.2020454133312,-1124.2998994893403,-76.99245710261766,-76.67900778150756,0.0,0.0,0.0
0.667,1925.0777658571735,2736.962300617097,1181.440865624462,-1099.7861750069196,-66.33818766874457,-78.74354232858283,0.0,0.0,0.0
0.672,1897.5005828857645,2739.908572852447,1190.101831594995,-1072.967274180013,-55.355288042830566,-82.1347464524184,0.0,0.0,0.0
0.676,1867.5362930266097,2738.666070425619,1196.1778745209883,-1043.8307722518439,-44.08504678625681,-86.96406796360311,0.0,0.0,0.0
0.681,1835.410702705146,2733.107354189168,1199.686526559709,-1012.4103247037382,-32.57116774226439,-93.32082431584676,0.0,0.0,0.0
0.686,1801.3410056318814,2723.1215654246153,1200.6688573128358,-978.7872040089347,-20.860223429142255,-101.27130640842464,0.0,0.0,0.0
0.69,1765.5332991917724,2708.619472794556,1199.188049912235,-943.0900569055847,-9.00218980499133,-110.85821558626888,0.0,0.0,0.0
0.695,1728.180925231508,2689.5380291139313,1195.327684961075,-905.4929684690446,2.948964433651365,-122.10043461993095,0.0,0.0,0.0
0.7,1689.4636549898944,2665.844284819973,1189.1898003766155,-866.2120144449009,14.934678202467325,-134.9931367405387,0.0,0.0,0.0
0.705,1649.5476936541013,2637.5385413970107,1180.8927877880383,-825.5005473010774,26.891250255871654,-149.50823668504447,0.0,0.0,0.0
0.709,1608.5864379969235,2604.6566660039402,1170.5691730233907,-783.6434947409685,38.749420591969034,-165.5951841138426,0.0,0.0,0.0
0.714,1566.7218831409405,2567.2715264792505,1158.363311339142,-740.9509579506401,50.434166580795996,-183.18209316806454,0.0,0.0,0.0
0.719,1524.0865433070062,2525.4935416549533,1144.429010303354,-697.7513879796097,61.86479788029299,-202.17719317514366,0.0,0.0,0.0
0.723,1480.8057275818119,2479.4703732995285,1128.927078755364,-654.3845980366135,72.95542174217049,-222.47057564814904,0.0,0.0,0.0
0.728,1436.999996516995,2429.3858114441596,1112.0227933111173,-611.1948401658245,83.61582739126547,-243.93620293129845,0.0,0.0,0.0
0.733,1392.7876201150639,2375.457923733254,1093.883276903261,-568.5241382907965,93.75280700670268,-266.43413533131286,0.0,0.0,0.0
0.737,1348.2868635356904,2317.936552159088,1074.6747963337577,-526.7060278269456,103.27189501335094,-289.8129274684305,0.0,0.0,0.0
0.742,1303.6179439722262,2257.100248156629,1054.560004961391,-486.05980826018106,112.07947118886845,-313.91214171712073,0.0,0.0,0.0
0.747,1258.9045298298222,2193.2527408469346,1033.6951788932372,-446.88537387391517,120.08514065982033,-338.5649272910368,0.0,0.0,0.0
0.752,1214.2746896556346,2126.7190343605052,1012.22751736903,-409.45865390620577,127.20427843678063,-363.60061738525434,0.0,0.0,0.0
0.756,1169.8612403245359,2057.841229456728,990.2925981449441,-374.02767012168385,133.36060961847673,-388.84730282828343,0.0,0.0,0.0
0.761,1125.8014882955733,1986.9741626256973,968.0120944900455,-340.8092079116108,138.48868937878566,-414.13434758136725,0.0,0.0,0.0
0.766,1082.236400783029,1914.4809529226734,945.491869475967,-309.98609514042715,142.5361488125691,-439.29481774791606,0.0,0.0,0.0
0.77,1039.3092822025476,1840.7285432999602,922.8205629868089,-281.7050883698942,145.46558232308774,-464.16780026458963,0.0,0.0,0.0
0.775,997.1640624246846,1766.083319455162,900.0687751779922,-256.0753754137213,147.25596836112362,-488.60058943079275,0.0,0.0,0.0
0.78,955.9433246888098,1690.9068853173462,877.2889260261716,-233.16771223055434,147.90353814889096,-512.4507191297996,0.0,0.0,0.0
0.784,915.7862104822773,1615.5520700127624,854.5158350913018,-213.01421693554326,147.4220375349343,-535.5878169841069,0.0,0.0,0.0
0.789,876.8263352798305,1540.3592358506307,831.7680219034733,-195.60884187544815,145.8423652669338,-557.8952548286937,0.0,0.0,0.0
0.794,839.1898333780948,1465.6529496700775,809.0496806078387,-180.90853602535637,143.21161424365843,-579.2715684685965,0.0,0.0,0.0
0.799,802.9936245511346,1391.739070023576,786.3532384789398,-168.83509544983505,139.59158585310016,-599.6316190800774,0.0,0.0,0.0
0.803,768.3439637059006,1318.9022898112746,763.6623719336077,-159.27768056938285,135.05688518013096,-618.9074691373299,0.0,0.0,0.0
0.808,735.3353015367732,1247.4041586185538,740.955329375034,-152.09595670927524,129.6927308647831,-637.0489478343461,0.0,0.0,0.0
0.813,704.0494534203857,1177.4815928658,718.2083987090629,-147.12379016114525,123.59262395571648,-654.023885092376,0.0,0.0,0.0
0.817,674.5550484627153,1109.3458674024803,695.3993572030433,-144.17340749669611,116.85601466615917,-669.8179996752915,0.0,0.0,0.0
0.821,646.9072124693606,1043.1820707930483,672.5107496100311,-143.0399035071208,109.58608710398941,-684.434435584222,0.0,0.0,0.0
0.827,621.1474283478707,979.1489975956605,649.5328545369122,-143.5059656029212,101.8877544559969,-697.8929512798087,0.0,0.0,0.0
0.831,597.3035149595507,917.3794429019603,626.466217529923,-145.3466721491227,93.86592574980138,-710.2287776439694,0.0,0.0,0.0
0.836,575.3896699748317,857.9808567044582,603.3236519845237,-148.3342204495229,85.62407420566859,-721.4911721150032,0.0,0.0,0.0
0.841,555.4065325263371,801.0363088730013,580.131635479043,-152.24244729077188,77.26310900856237,-731.7417072594013,0.0,0.0,0.0
0.846,537.3412356335367,746.6057104862455,556.9310581716244,-156.8510204601576,68.88052871735903,-741.0523413422243,0.0,0.0,0.0
0.85,521.1674346723566,694.7272344863532,533.7773092142654,-161.94920170889426,60.56981635284503,-749.5033255095636,0.0,0.0,0.0
0.855,506.8453150058043,645.4188783754261,510.7397149448287,-167.33910748233504,52.42002363467116,-757.1810065709776,0.0,0.0,0.0
0.86,494.3215978105229,598.680114159237,487.9003688229777,-172.83842020759886,44.51548435160617,-764.1755860414593,0.0,0.0,0.0
0.864,483.5295766052917,554.4935760348627,465.35241823955727,-178.28252737354313,36.93559369077191,-770.5788954200693,0.0,0.0,0.0
0.869,474.38922678789623,512.8267441106345,443.19789620065774,-183.52608673650212,29.754591420319926,-776.4822451575151,0.0,0.0,0.0
0.874,466.8074361876677,473.63359195633456,421.5452028468564,-188.4440338117845,23.041292884394796,-781.9744008241062,0.0,0.0,0.0
0.878,460.67840644592206,436.85617592237327,400.50634963308295,-192.93206292237815,16.858723346374603,-787.1397348578198,0.0,0.0,0.0
0.883,455.8842731252039,402.42615392425984,380.1940778685243,-196.90662539827085,11.263627606478826,-792.05659602287,0.0,0.0,0.0
0.888,452.29598670598966,370.26623005511266,360.7189555538054,-200.30449727599506,6.305846543932895,-796.7959313962015,0.0,0.0,0.0
0.893,449.77448683457106,340.29152844274995,342.18654404164926,-203.08197360470885,2.0275737720133145,-801.4201874519989,0.0,0.0,0.0
0.897,448.1721881200793,312.4109047082117,324.694711523611,-205.21374802161242,-1.5374728599499041,-805.9825078593748,0.0,0.0,0.0
0.902,447.33477770830103,286.52820588368377,308.3311586558829,-206.69153645353728,-4.364911379164451,-810.5262362797253,0.0,0.0,0.0
0.907,447.1033045874371,262.5434897472949,293.1712164556241,-207.52250452375173,-6.440521238857994,-815.0847231683841,0.0,0.0,0.0
0.911,447.31652135855984,240.3542125176947,279.275974806735,-207.72756036116488,-7.760964277623547,-819.6814267515572,0.0,0.0,0.0
0.916,447.8134237837093,219.8563901916884,266.6907935637709,-207.33957719511403,-8.33433625107141,-824.3302902278243,0.0,0.0,0.0
0.921,448.43592246159665,200.94573430345477,255.4442326017346,-206.4016108882177,-8.180495796575412,-829.0363699353286,0.0,0.0,0.0
0.925,449.0315734914873,183.51875847788168,245.54741510471015,-204.96517316203207,-7.3311320184301945,-833.7966827456214,0.0,0.0,0.0
0.93,449.4562899486396,167.47384832479952,236.99381727806733,-203.08860927402733,-5.8295462384551096,-838.6012353387127,0.0,0.0,0.0
0.935,449.5769534903889,152.7122838317481,229.75946303074434,-200.83560939279042,-3.7301377559684474,-843.4341934468744,0.0,0.0,0.0
0.94,449.2738464421449,139.13920025819453,223.80349411434793,-198.2738593983942,-1.0975983607412751,-848.2751459158338,0.0,0.0,0.0
0.944,448.4428298968506,126.66447078394896,219.0690810678517,-195.47381526103814,1.9941649655632996,-853.1004168434346,0.0,0.0,0.0
0.949,446.9972019233579,115.20349219787644,215.48463488195472,-192.50757099286213,5.463347408796672,-857.8843793388278,0.0,0.0,0.0
0.954,444.8691802077751,104.67785408032222,212.96527298409455,-189.4477857134754,9.221763920060575,-862.6007266439325,0.0,0.0,0.0
0.958,442.01096409683424,95.01587254577626,211.41448710758397,-186.3666393475422,13.176523703616901,-867.2236603772498,0.0,0.0,0.0
0.963,438.3953421462045,86.15297191105958,210.72595619666345,-183.33479558864008,17.231817916603188,-871.7289613098187,0.0,0.0,0.0
0.968,434.0158238246905,78.03190166995024,210.7854459347411,-180.42036167541175,21.290777729099755,-876.0949150461573,0.0,0.0,0.0
0.972,428.88628844204084,70.6027816406964,211.47273896522353,-177.6878451034229,25.25736047450536,-880.3030727631758,0.0,0.0,0.0
0.977,423.0401598483842,63.822974606402184,212.66354668915739,-175.19711680174987,29.038221996129842,-884.3388351295995,0.0,0.0,0.0
0.982,416.5291304880843,57.656792459033475,214.2313629677089,-173.002398441388,32.54453462189908,-888.1918550688929,0.0,0.0,0.0
0.987,409.4214718180408,52.075047911894984,216.04922938559923,-171.15129850875996,35.693713473377876,-891.8562616756939,0.0,0.0,0.0
0.991,401.79997941546395,47.05446852328958,217.99138969349423,-169.683927364323,38.41101902409997,-895.3307130761808,0.0,0.0,0.0
0.996,393.7596100909065,42.57699282148619,219.93481870285606,-168.6321249744125,40.63101020870894,-898.6182901957459,0.0,0.0,0.0
1.001,385.4048748258074,38.628970048728355,221.7606194943668,-168.01883548169266,42.298828837587045,-901.7262462431704,0.0,0.0,0.0
1.005,376.84705532124036,35.20028602260054,223.3552916029406,-167.85765999967666,43.37130126832156,-904.6656283986662,0.0,0.0,0.0
1.01,368.2013135108354,32.283438308097764,224.61187981979023,-168.15261369618582,43.81784630373204,-907.4507890467598,0.0,0.0,0.0
1.015,359.583762859731,29.87258450754618,225.43101722110504,-168.8981066494957,43.62117920235566,-910.0988043549172,0.0,0.0,0.0
1.019,351.10856810782883,27.962588002166317,225.72187741432057,-170.07916097410933,42.77780120898578,-912.628818445447,0.0,0.0,0.0
1.024,342.88513692744766,26.54808581575128,225.40305062441436,-171.6718691886096,41.2982628025093,-915.0613320721314,0.0,0.0,0.0
1.029,335.015463400464,25.6226033426245,224.40335620301056,-173.64409015069728,39.207187511679926,-917.4174556539059,0.0,0.0,0.0
1.034,327.5916797546156,25.177740470585622,222.66259983252596,-175.95636904067032,36.543042468979785,-919.7181476404752,0.0,0.0,0.0
1.038,320.6938695062937,25.202453068479084,220.13227658454943,-178.56305770350377,33.357642760982266,-921.9834602503468,0.0,0.0,0.0
1.043,314.3881916707544,25.682452712593253,216.7762112782469,-181.41360262370802,29.715379677603426,-924.2318152930924,0.0,0.0,0.0
1.048,308.7253614509675,26.59974566816796,212.57111661418875,-184.45396113284653,25.692168108929113,-926.4793327364462,0.0,0.0,0.0
1.052,303.73952730215274,27.932329350194852,207.50703965977917,-187.62810250495812,21.374114977480858,-928.7392336899687,0.0,0.0,0.0
1.056,299.4475771209729,29.654060665285247,201.58766085586714,-190.87954896464186,16.85591809606236,-931.0213374781307,0.0,0.0,0.0
1.062,295.8488972153544,31.734705748082956,194.83040821589603,-194.15291161203731,12.239013118319383,-933.3316695081547,0.0,0.0,0.0
1.066,292.9255963981638,34.14017468933616,187.2663526719505,-197.39537728170856,7.629495845137455,-935.6721928224321,0.0,0.0,0.0
1.071,290.6431938875253,36.83293805174702,178.93985733588542,-200.558104118392,3.1358586925138963,-938.0406717641351,0.0,0.0,0.0
1.076,288.95175392125947,39.77261453867764,169.90796249563095,-203.59748613756028,-1.1334066178843858,-940.4306713976356,0.0,0.0,0.0
1.081,287.7874328892497,42.91671144123583,160.23949892073225,-206.47625027477838,-5.072274796468831,-942.8316916341862,0.0,0.0,0.0
1.085,287.07438769960254,46.221491785401156,150.01393450919153,-209.16435332638054,-8.57964519387755,-945.2294308125341,0.0,0.0,0.0
1.09,286.7269786569986,49.642934815994984,139.31997312891502,-211.63965047805044,-11.561711027501621,-947.6061699744164,0.0,0.0,0.0
1.095,286.65218782498994,53.13775005203355,128.2539384900887,-213.88831154399665,-13.934158624724992,-949.9412662134383,0.0,0.0,0.0
1.099,286.7521656077529,56.66440014594236,116.91798827616616,-215.9049657221897,-15.624121217004754,-952.2117411384228,0.0,0.0,0.0
1.104,286.92681441658436,60.184084644168266,105.41821294557049,-217.69256136381787,-16.571821092280597,-954.3929486869774,0.0,0.0,0.0
1.109,287.0763186498461,63.66163580214369,93.86267861734403,-219.26193494451934,-16.73184586406461,-956.4593053319865,0.0,0.0,0.0
1.113,287.1035345758172,67.06627901975656,82.35947413345575,-220.63109350424662,-16.074018308281182,-958.385065030858,0.0,0.0,0.0
1.118,286.91616184020387,70.37221428710734,71.01481940509697,-221.82422682325833,-14.583833928998844,-960.14512074948,0.0,0.0,0.0
1.123,286.4286298009456,73.55898122742339,59.93128653480817,-222.87047865207484,-12.262455902497159,-961.7158137976725,0.0,0.0,0.0
1.128,285.56364582698194,76.61157873215073,49.20617766000583,-223.80251937713766,-9.12627311004975,-963.0757315620573,0.0,0.0,0.0
1.132,284.25336773645705,79.52032044177768,38.930094062011165,-224.65497426859227,-5.206042759138893,-964.2064737191034,0.0,0.0,0.0
1.137,282.4401773185297,82.28041887479402,29.185719938852877,-225.4627705964987,-0.5456532014370147,-965.0933668177764,0.0,0.0,0.0
1.142,280.0770455661665,84.89130322107934,20.046832368137135,-226.25947256738408,4.799446181407243,-965.726107277275,0.0,0.0,0.0
1.146,277.1274928673582,87.35568816903466,11.577538218231064,-227.0756749330986,10.764092792588311,-966.0993134043484,0.0,0.0,0.0
1.151,273.5651594716062,89.67842323057604,3.8317306023429283,-227.93752436645823,17.27547470297922,-966.2129681852243,0.0,0.0,0.0
1.156,269.3730133031274,91.86516343640386,-3.1472480927515143,-228.86543276558257,24.255343941652256,-966.0727365696646,0.0,0.0,0.0
1.16,264.5422330610969,93.92091232556714,-9.32675409620962,-229.87303925183986,31.62230962088515,-965.6901437665591,0.0,0.0,0.0
1.165,259.07081341272567,95.84849594191488,-14.684823720896782,-230.96646819790683,39.29414179398671,-965.0826044171063,0.0,0.0,0.0
1.17,252.9619451526777,97.64703125220494,-19.210016932196925,-232.14391890820664,47.19002101980914,-964.273295896431,0.0,0.0,0.0
1.175,246.22222656819184,99.31045362680737,-22.901156362300213,-233.3956078580531,55.23267479880187,-963.2908720246385,0.0,0.0,0.0
1.179,238.85976353110206,100.82616586904663,-25.76699701420805,-234.70406637762613,63.350348139639316,-962.1690161203549,0.0,0.0,0.0
1.184,230.88221536059936,102.17386610778796,-27.825860494087475,-236.04477647904034,71.47856064113857,-960.9458348986146,0.0,0.0,0.0
1.189,222.294841011049,103.32460411034378,-29.105264108567102,-237.38710793103076,79.56160808457115,-959.6630975784069,0.0,0.0,0.0
1.193,213.09859530784766,104.24010568714662,-29.641571176002977,-238.69550389138038,87.55377493568413,-958.3653279922585,0.0,0.0,0.0
1.198,203.28831805429527,104.8723933881903,-29.47968521407822,-239.93085242764715,95.42023634203495,-957.0987615689738,0.0,0.0,0.0
1.203,192.85105094792,105.16371926877369,-28.672806835677395,-241.0519771438569,103.13764301454992,-955.9101837238169,0.0,0.0,0.0
1.207,181.76450992043345,105.04681278233807,-27.28226699340958,-242.01718052773685,110.69439691966609,-954.8456712782779,0.0,0.0,0.0
1.212,169.99573518874703,104.44543444600549,-25.377442563502907,-242.78577705280617,118.09063656888304,-953.9492638344869,0.0,0.0,0.0
1.217,157.49993885685697,103.27521436596344,-23.0357499509046,-243.31955860978803,125.33795549904139,-953.2615972948527,0.0,0.0,0.0
1.231,144.2195704383524,101.4447445150854,-20.342700345771803,-243.58414195559828,132.45887601300407,-952.8185366243656,0.0,0.0,0.0
1.236,130.08362336437406,98.85688532589619,-17.391988179696508,-243.55015608186773,139.48609442678958,-952.6498490266541,0.0,0.0,0.0
1.24,115.00720867568212,95.41024117536824,-14.285574222736827,-243.19423633053202,146.46150767419712,-952.7779612083174,0.0,0.0,0.0
1.245,98.89142363487586,91.00075599286654,-11.133718310336661,-242.49980132095706,153.43502783167168,-953.2168444640848,0.0,0.0,0.0
1.25,81.6235418371749,85.52337941151725,-8.054914554610216,-241.45759777234537,160.46319246411582,-953.9710684148698,0.0,0.0,0.0
1.254,63.07754795682183,78.8737550886995,-5.175683653423451,-240.066006632372,167.60758363571617,-955.0350586275068,0.0,0.0,0.0
1.259,43.11503548086844,70.94988542385975,-2.630181883246123,-238.33111139482529,174.93307508789653,-956.3925858624686,0.0,0.0,0.0
1.264,21.586479914981588,61.65373045263178,-0.559594198370606,-236.26653625358745,182.5059343197152,-958.0165062071625,0.0,0.0,0.0
1.268,-1.6671073610622371,50.89270292286572,0.8887108682532147,-233.89306807307022,190.39181382124914,-959.8687625352409,0.0,0.0,0.0
1.273,-26.812148367946556,38.58102629069358,1.5622751514244337,-231.2380822832553,198.65367324563653,-961.9006491287092,0.0,0.0,0.0
1.278,-54.02010506630573,24.6409275433694,1.3048927714740894,-228.3347987740451,207.34968113680213,-964.0533333696311,0.0,0.0,0.0
1.283,-83.4647485262703,9.003642385120111,-0.041810884544037905,-225.22139942884763,216.53114999020494,-966.2586214766799,0.0,0.0,0.0
1.287,-115.31912761602375,-8.389783518037722,-2.63658186240502,-221.94004359683694,226.24056117966,-968.4399494670296,0.0,0.0,0.0
1.292,-149.75228531842077,-27.58790679433522,-6.636546488983469,-218.5358209811047,236.5097363939742,-970.5135758519298,0.0,0.0,0.0
1.297,-186.92578108059254,-48.6285143610588,-12.195055063167958,-215.05568275333104,247.35820987756628,-972.3899489432159,0.0,0.0,0.0
1.301,-226.99008639895206,-71.53846158028756,-19.45939252620561,-211.547391270899,258.7918512808342,-973.9752189719792,0.0,0.0,0.0
1.306,-270.0809277111183,-96.3337068613327,-28.56839136757713,-208.05852708281392,270.8017824816718,-975.1728633992309,0.0,0.0,0.0
1.311,-316.31565529914855,-123.01952084694287,-39.64998489586725,-204.6355896073981,283.36362333260894,-975.8853926714202,0.0,0.0,0.0
1.315,-365.7897189931575,-151.59084063098607,-52.81874149756644,-201.32322529403186,296.43709087910344,-976.0161030703295,0.0,0.0,0.0
1.32,-418.57333063407646,-182.03273281776484,-68.17342258207191,-198.16361408225214,309.96596429402797,-975.4708431739338,0.0,0.0,0.0
1.325,-474.7083891966341,-214.32092428205226,-85.79460875123317,-195.19604098639704,323.878413913316,-974.1597608508649,0.0,0.0,0.0
1.33,-534.2057371359011,-248.42235682640234,-105.74244062714317,-192.45667403508418,338.08767789506976,-971.9989987123516,0.0,0.0,0.0
1.334,-597.0428063138702,-284.29572206194945,-128.05452297094286,-189.97856223885444,352.4930549854374,-968.9123075126911,0.0,0.0,0.0
1.339,-663.1616997591551,-321.8919361195408,-152.74404330191342,-187.7918578454256,366.98116779617317,-964.8325490376886,0.0,0.0,0.0
1.344,-732.4677429801806,-361.15452039874515,-179.7981588908554,-185.92425628982846,381.4274392520778,-959.7030624335614,0.0,0.0,0.0
1.348,-804.8285272874787,-402.0198643393053,-209.17670798112889,-184.40163547051793,395.69771685200624,-953.478870559735,0.0,0.0,0.0
1.353,-880.073458829219,-444.4173584275039,-240.81130125551658,-183.24886377221986,409.649976274572,-946.1277056436626,0.0,0.0,0.0
1.358,-957.9938206439604,-488.2693988152718,-274.60484673372235,-182.49073412758875,423.13603837181785,-937.6308361541493,0.0,0.0,0.0
1.362,-1038.3433495284494,-533.491277141057,-310.4315545186124,-182.15297005512585,436.00324188121834,-927.9836793398423,0.0,0.0,0.0
1.367,-1120.839323992144,-579.9909791656582,-348.1374566912011,-182.26323995768306,448.0960277115292,-917.1961863374962,0.0,0.0,0.0
1.372,-1205.1641549711924,-627.6689236251178,-387.54146248583976,-182.85210902035118,459.2574080718429,-905.2929892619685,0.0,0.0,0.0
1.377,-1290.967468899654,-676.4176787044221,-428.43695076575386,-183.95385466309727,469.33031294199407,-892.3133024112468,0.0,0.0,0.0
1.381,-1377.868673460572,-726.1216978120744,-470.59388262522157,-185.60707227616095,478.15882507212643,-878.3105727857268,0.0,0.0,0.0
1.386,-1465.4599985031473,-776.6571185253554,-513.7613989422163,-187.85500328139133,485.58933075128255,-863.351878587814,0.0,0.0,0.0
1.391,-1553.3100061636749,-827.8916682890866,-557.6708529157563,-190.74552772762556,491.47162545419627,-847.5170782577452,0.0,0.0,0.0
1.395,-1640.9675632827734,-879.6847174041616,-602.0392171343244,-194.3307788884512,495.6600201768817,-830.8977169455763,0.0,0.0,0.0
1.4,-1727.966264500436,-931.8875138440105,-646.5727983581022,-198.6663576325282,498.01449523770503,-813.5957021308906,0.0,0.0,0.0
1.405,-1813.8292854162269,-984.3436255347938,-690.971189678889,-203.8101488719423,498.40194336998894,-795.7217653270003,0.0,0.0,0.0
1.409,-1898.07463200446,-1036.8896044351636,-734.9313873773036,-209.82076918203185,496.6975334803767,-777.3937323184703,0.0,0.0,0.0
1.414,-1980.2207355175292,-1089.3558740275546,-778.1519976409561,-216.75570069033623,492.7862117248866,-758.7346299928735,0.0,0.0,0.0
1.419,-2059.7923221713945,-1141.567828887162,-820.337456767472,-224.66918834412564,486.5643395123288,-739.8706633330617,0.0,0.0,0.0
1.424,-2136.3264652235284,-1193.347122990281,-861.2021889887294,-233.60999342322683,477.94145083820564,-720.9291014829453,0.0,0.0,0.0
1.428,-2209.378705343118,-1244.5131133382486,-900.4746296865479,-243.6191049283142,466.8420956521702,-702.0361172161905,0.0,0.0,0.0
1.433,-2278.529105443726,-1294.8844180498477,-937.9010481088962,-254.72751263983352,453.2077226859815,-683.3146297301536,0.0,0.0,0.0
1.438,-2343.388090443669,-1344.2805437936047,-973.249110966853,-266.9541417406132,436.9985447745401,-664.8822057956222,0.0,0.0,0.0
1.442,-2403.60191262065,-1392.5235364534537,-1006.3111345190398,-280.30403910375696,418.1953224201103,-646.8490775728413,0.0,0.0,0.0
1.447,-2458.857580878515,-1439.4396110636023,-1036.9069769401563,-294.7668859779701,396.8009971982555,-629.3163356201583,0.0,0.0,0.0
1.452,-2508.8870983678316,-1484.860721913456,-1064.8865253335737,-310.31589196090874,372.8421056433551,-612.3743521742554,0.0,0.0,0.0
1.456,-2553.4708678709267,-1528.6260409261001,-1090.1317339702837,-326.9071028750755,346.36990687411276,-596.1014826886286,0.0,0.0,0.0
1.461,-2592.440147833181,-1570.5833216060844,-1112.558173392395,-344.4791330967204,317.4611639450757,-580.5630833431035,0.0,0.0,0.0
1.466,-2625.6784726937203,-1610.5901363766886,-1132.1160542318328,-362.95331369823725,286.218529811905,-565.810869532988,0.0,0.0,0.0
1.471,-2653.1219870236287,-1648.514985634917,-1148.7906943630446,-382.23423340619513,252.77050304078287,-551.8826260766458,0.0,0.0,0.0
1.475,-2674.7586811104266,-1684.2382855552084,-1162.6024024918138,-402.21064060439886,217.2709342313656,-538.8022649152232,0.0,0.0,0.0
1.48,-2690.6265537651834,-1717.6532472700603,-1173.605755495282,-422.7566709971434,179.8980794453288,-526.5802113136571,0.0,0.0,0.0
1.485,-2700.810765200069,-1748.6666623001474,-1181.8882521833543,-443.73336597053645,140.8532100495103,-515.2140859338338,0.0,0.0,0.0
1.489,-2705.439878317543,-1777.1996083241318,-1187.568334748994,-464.9904499893473,100.35879864838972,-504.6896384646622,0.0,0.0,0.0
1.494,-2704.6813197760175,-1803.1880857766714,-1190.7927824736498,-486.36834075732537,58.65630873488517,-494.981879344163,0.0,0.0,0.0
1.499,-2698.7362213145952,-1826.5835894550094,-1191.7335003532878,-507.700372855261,16.00362265540886,-486.0563498339655,0.0,0.0,0.0
1.503,-2687.8338254591745,-1847.3536107458492,-1190.5837471718683,-528.8152235560357,-27.32785005907039,-477.8704674835968,0.0,0.0,0.0
1.508,-2672.225656593429,-1865.4820561568852,-1187.5538715838468,-549.5395374371761,-71.05633290694828,-470.37488392458636,0.0,0.0,0.0
1.513,-2652.1796676086774,-1880.9695576469035,-1182.866649204407,-569.7007526173961,-114.89304920457576,-463.51479492246625,0.0,0.0,0.0
1.518,-2627.974573421025,-1893.8336408224116,-1176.7523365020488,-589.1301338692116,-158.54572173403315,-457.2311484872898,0.0,0.0,0.0
1.522,-2599.8945750423504,-1904.1087093679153,-1169.443575802018,-607.6660143967266,-201.7221213395268,-451.4617052838208,0.0,0.0,0.0
1.527,-2568.224660888342,-1911.8457991088353,-1161.1702968858663,-625.1572369925929,-244.1335753055692,-446.14191633749573,0.0,0.0,0.0
1.532,-2533.246644847784,-1917.112053808071,-1152.1547620947829,-641.4667657113484,-285.49834879135375,-441.2055960108184,0.0,0.0,0.0
1.536,-2495.2360629977775,-1919.9898776845341,-1142.6068928063978,-656.4754114112142,-325.54482306159076,-436.58538339502803,0.0,0.0,0.0
1.541,-2454.460003203603,-1920.5757267841786,-1132.7199967742522,-670.0855799561582,-364.0144112432296,-432.21300252049843,0.0,0.0,0.0
1.546,-2411.1758856307492,-1918.9785129720954,-1122.6669906757706,-682.224912847232,-400.66417497778264,-428.0193507793125,0.0,0.0,0.0
1.55,-2365.6311499976887,-1915.3176111211292,-1112.597184816127,-692.849650020736,-435.269133337846,-423.9344645936325,0.0,0.0,0.0
1.555,-2318.0637413426048,-1909.7204819863966,-1102.6336745034205,-701.9475089122371,-467.6242860436334,-419.887429361643,0.0,0.0,0.0
1.56,-2268.703226478717,-1902.3199483091626,-1092.8713732521464,-709.5398504748676,-497.54639983232744,-415.80631363507877,0.0,0.0,0.0
1.565,-2217.7723264389956,-1893.2511872749967,-1083.3757294479492,-715.6829016817865,-524.8756218264892,-411.61821155092764,0.0,0.0,0.0
1.569,-2165.4886239287466,-1882.6485277100362,-1074.182180900669,-720.4678358386072,-549.4769817858867,-407.2494699385877,0.0,0.0,0.0
1.574,-2112.0662032565906,-1870.6421658470513,-1065.2964005458005,-724.0195832131557,-571.2418267739488,-402.6261568367632,0.0,0.0,0.0
1.579,-2057.7170024306756,-1857.3549377778118,-1056.6953557603729,-726.4943492236706,-590.0892026329093,-397.67479931706777,0.0,0.0,0.0
1.583,-2002.651698323283,-1842.8993049357352,-1048.3291501255253,-728.0759340494595,-605.9671638091413,-392.32338624302366,0.0,0.0,0.0
1.588,-1947.0799997703996,-1827.3747148439056,-1040.1235676855172,-728.9710456370437,-618.8539609192277,-386.5026020201029,0.0,0.0,0.0
1.593,-1891.2102842961172,-1810.8654890739674,-1031.983220251205,-729.4038528897088,-628.7590247118281,-380.1472344604977,0.0,0.0,0.0
1.597,-1835.2485772761925,-1793.4393644976599,-1023.7952076651784,-729.6100312855536,-635.7236362305616,-373.19768438069144,0.0,0.0,0.0
1.602,-1779.3969342251642,-1775.1467764302683,-1015.4332177279832,-729.8305244944703,-639.8211501871233,-365.6014950823475,0.0,0.0,0.0
1.607,-1723.8513433899793,-1756.0209281344253,-1006.7619960772979,-730.3052081259922,-641.1566296727156,-357.31481499247553,0.0,0.0,0.0
1.612,-1668.7993111187586,-1736.07864502603,-997.6421028348273,-731.2666158012855,-639.8657632190332,-348.3037064272735,0.0,0.0,0.0
1.616,-1614.417320259545,-1715.321967697664,-987.9348527076668,-732.9338803854047,-636.1129730272813,-338.54521870982427,0.0,0.0,0.0
1.621,-1560.8683585112744,-1693.740398360012,-977.5073198139407,-735.5070491760997,-630.0886817370397,-328.02815545579716,0.0,0.0,0.0
1.626,-1508.2997001278763,-1671.313682216581,-966.2372805802422,-739.1619397081047,-622.0057740123908,-316.75348334304323,0.0,0.0,0.0
1.63,-1456.8410953384043,-1648.0149797263523,-954.0179634166846,-744.0457019576355,-612.095355697332,-304.73435144964037,0.0,0.0,0.0
1.635,-1406.6034835811859,-1623.8142685669438,-940.7624685332863,-750.2732372850927,-600.6019665456048,-291.9957138520372,0.0,0.0,0.0
1.64,-1357.6783049532257,-1598.6818061118784,-926.4077154765633,-757.9245940563554,-587.7784370582305,-278.5735713280702,0.0,0.0,0.0
1.644,-1310.137442870842,-1572.5914848448626,-910.9177734759259,-767.0434182835747,-573.8805962334987,-264.51386932430904,0.0,0.0,0.0
1.649,-1264.0337913394274,-1545.5239244206498,-894.2864354805149,-777.636490801369,-559.1620387814314,-249.87110805950053,0.0,0.0,0.0
1.654,-1219.4024031507072,-1517.4691642124205,-876.5389147153925,-789.674336640481,-543.8691506119218,-234.70673566855385,0.0,0.0,0.0
1.659,-1176.2621420847433,-1488.4288469598257,-857.7325732704302,-803.0928518433103,-528.2365713441836,-219.08740528088512,0.0,0.0,0.0
1.663,-1134.6177349625273,-1458.4178145449885,-837.9566323428649,-817.7958597744909,-512.4832433677229,-203.0831811380528,0.0,0.0,0.0
1.668,-1094.4621004875632,-1427.4650685569713,-817.3308577877481,-833.6584826130756,-496.80916092722333,-186.76577744826926,0.0,0.0,0.0
1.673,-1055.7788227383908,-1395.6140799664677,-796.003257394289,-850.5311928417361,-481.3928925557705,-170.2069071922577,0.0,0.0,0.0
1.677,-1018.5446381264454,-1362.9224629334715,-774.1468640627312,-868.2443933020056,-466.38990836042535,-153.4768071269816,0.0,0.0,0.0
1.682,-982.7318147980943,-1329.4610556222563,-751.9557093895183,-886.6133630047237,-451.93170235021523,-136.64299052163028,0.0,0.0,0.0
1.687,-948.3103215809492,-1295.3124740658238,-729.6401142789913,-905.4434001381492,-438.12566161533164,-119.76926182864686,0.0,0.0,0.0
1.691,-915.2497079338126,-1260.5692234894511,-707.4214384143587,-924.5349939928037,-425.0556014613717,-102.91500911946893,0.0,0.0,0.0
1.696,-883.5206442463698,-1225.3314660443991,-685.526441326493,-943.6888636273462,-412.7828609310662,-86.13477250574999,0.0,0.0,0.0
1.701,-853.0960997625689,-1189.704554721531,-664.1814166533486,-962.7107123803229,-401.34783767199383,-69.47807158693058,0.0,0.0,0.0
1.706,-823.9521604829798,-1153.7964492949448,-643.6062688015968,-981.4155626254235,-390.77183467480745,-52.98946343482499,0.0,0.0,0.0
1.71,-796.0685103158326,-1117.7151305577866,-624.0087062347328,-999.6315531235101,-381.05909305763544,-36.708795329546625,0.0,0.0,0.0
1.715,-769.4286150477159,-1081.566123678653,-605.5787251228736,-1017.2031014383155,-372.198893783637,-20.67161325798039,0.0,0.0,0.0
1.72,-744.0196596417495,-1045.4502308122571,-588.4835493458112,-1033.9933570628948,-364.1676263221422,-4.909687280908241,0.0,0.0,0.0
1.724,-719.8322939277372,-1009.4615583985967,-572.8631788244579,-1049.885898545009,-356.9307433917808,10.548382926658896,0.0,0.0,0.0
1.729,-696.860239592349,-973.6859073940027,-558.826679846186,-1064.7856601904846,-350.44454726240247,25.67651599803015,0.0,0.0,0.0
1.734,-675.0998033483679,-938.1995761662658,-546.4493290406804,-1078.6191087856362,-344.657782704486,40.450480958269694,0.0,0.0,0.0
1.738,-654.5493290814125,-903.068606676851,-535.7706961177307,-1091.3337243776516,-339.51304109567394,54.84724192506362,0.0,0.0,0.0
1.743,-635.2086081709109,-868.3484854937269,-526.7937187146397,-1102.8968678826277,-334.948004913639,68.84434253044093,0.0,0.0,0.0
1.748,-617.078254925061,-834.0842928569722,-519.4847865946351,-1113.2941404873332,-330.8965778991762,82.41935652328729,0.0,0.0,0.0
1.753,-600.1590454673599,-800.3112761446017,-513.7748149963647,-1122.5273555323129,-327.2899519748933,95.54943049788972,0.0,0.0,0.0
1.757,-584.4512141253223,-767.0558091403043,-509.5612527224423,-1130.6122531103283,-324.0576583543771,108.21094351794306,0.0,0.0,0.0
1.762,-569.9536999929325,-734.3366857564517,-506.7109436888884,-1137.576090446661,-321.128638798588,120.37930587617532,0.0,0.0,0.0
1.767,-556.6633355342624,-702.1666863606507,-505.0637422175402,-1143.455235997859,-318.43235593095494,132.02891470424962,0.0,0.0,0.0
1.771,-544.5739682789853,-670.5543463431364,-504.43676946837917,-1148.292881236639,-315.89994278374877,143.13327701529812,0.0,0.0,0.0
1.776,-533.6755084223572,-639.5058496451527,-504.62918658412144,-1152.1369620344688,-313.46537581546727,153.66530111369093,0.0,0.0,0.0
1.781,-523.9529025651336,-609.0269645523196,-505.4273471363685,-1155.0383543394046,-311.0666450259351,163.59774649784595,0.0,0.0,0.0
1.785,-515.3850466196986,-579.1249357557359,-506.61017902579465,-1157.0493809936695,-308.6468887012779,172.90381243469503,0.0,0.0,0.0
1.79,-507.94366564343744,-549.810246749678,-507.95463754888766,-1158.2226426147854,-306.15545575265656,181.5578378358232,0.0,0.0,0.0
1.795,-501.5922017697047,-521.098171377774,-509.24106880677255,-1158.610168253325,-303.5488531316247,189.53608036434764,0.0,0.0,0.0
1.8,-496.2847618737427,-493.01004330086624,-510.2583258206358,-1158.2628709427547,-300.7915298270628,196.81754041758458,0.0,0.0,0.0
1.804,-491.96518324697263,-465.5741865348832,-510.808488797206,-1157.2302867411731,-297.8564458834271,203.3847951279894,0.0,0.0,0.0
1.809,-488.56627755941525,-438.8264671008078,-510.71105764934214,-1155.5605700623262,-294.725379161972,209.2248084430836,0.0,0.0,0.0
1.814,-486.00931057074484,-412.8104432878916,-509.8065094449736,-1153.300710627237,-291.3889367815127,214.329685478983,0.0,0.0,0.0
1.818,-484.20376809398334,-387.5771088412106,-507.95914196965623,-1150.4969279824743,-287.8462610046274,218.6973423568753,0.0,0.0,0.0
1.823,-483.0474485909715,-363.1842389533773,-505.0591514559646,-1147.195189982723,-284.1044456240588,222.33206622183613,0.0,0.0,0.0
1.828,-482.426910209668,-339.6953628034153,-501.0239159170105,-1143.441794599055,-280.177701807121,225.244943864523,0.0,0.0,0.0
1.832,-482.21828578256117,-317.17839806342545,-495.7984777459334,-1139.2839521017788,-276.08632647337885,227.45414130354277,0.0,0.0,0.0
1.837,-482.28846430488034,-295.7039919614569,-489.3552423178197,-1134.7703079339542,-271.85552996569703,228.98502097054535,0.0,0.0,0.0
1.842,-482.49662257647935,-275.34362006441376,-481.69293269755656,-1129.9513549479964,-267.5141752643644,229.87008793797838,0.0,0.0,0.0
1.847,-482.6960762437016,-256.1674979706901,-472.8348631911185,-1124.879695789051,-263.09347269636976,230.14876200356716,0.0,0.0,0.0
1.851,-482.7364052762162,-238.24236266466954,-462.826616273509,-1119.6101303702599,-258.6256662474951,229.86697820560144,0.0,0.0,0.0
1.856,-482.46579514253614,-221.62917969640085,-451.7332273589631,-1114.1995579844763,-254.14274261032065,229.07662407346308,0.0,0.0,0.0
1.861,-481.7335224072404,-206.38083037612196,-439.63599680804464,-1108.7066975002867,-249.6751923121661,227.83482724049514,0.0,0.0,0.0
1.865,-480.39250359705244,-192.53983081579022,-426.6290554510374,-1103.1916415081073,-245.25085252778868,226.20311180617023,0.0,0.0,0.0
1.87,-478.3018208628868,-180.13613256346454,-412.81580826904735,-1097.715270338899,-240.89386182717666,224.24644600758893,0.0,0.0,0.0
1.875,-475.32913866275806,-169.18505282225794,-398.3053721223984,-1092.3385587250361,-236.6237567898827,222.03220731150202,0.0,0.0,0.0
1.879,-471.35293225985106,-159.68538056228462,-383.2091089278568,-1087.1218111939083,-232.45473851208303,219.62909386640686,0.0,0.0,0.0
1.884,-466.2644594798689,-151.6177029184641,-367.6373368596659,-1082.1238623364454,-228.39513357488454,217.10601311660594,0.0,0.0,0.0
1.889,-459.9694197262246,-144.9429938233561,-351.6962814333575,-1077.4012754055175,-224.44706943383903,214.53097886802132,0.0,0.0,0.0
1.894,-452.3892572122138,-139.60150359664377,-335.4853086556039,-1073.0075680317289,-220.60637886776072,211.9700468190531,0.0,0.0,0.0
1.898,-443.4620779841021,-135.51198408915607,-319.09446568647826,-1068.9924881971453,-216.86274236204974,209.48631541215875,0.0,0.0,0.0
1.903,-433.1431623515699,-132.5712790537443,-302.60234122494325,-1065.401357925585,-213.2000712134425,207.13901408555128,0.0,0.0,0.0
1.908,-421.40506611879226,-130.65430394641515,-286.0742481763975,-1062.2744969703263,-209.59712760881274,204.9826951692851,0.0,0.0,0.0
1.912,-408.2373162120889,-129.61443362902773,-269.5607254219191,-1059.6467342038773,-206.02837029368294,203.0665394439108,0.0,0.0,0.0
1.917,-393.6457194954441,-129.2843105896461,-253.09635431793288,-1057.547010287992,-202.46500460084388,201.43377937185173,0.0,0.0,0.0
1.922,-377.65131772739363,-129.47708027637552,-236.69888923595647,-1055.9980713105929,-198.87620289604897,200.12123871377204,0.0,0.0,0.0
1.926,-360.2890359404839,-129.98805382937854,-220.3687092753392,-1055.0162492359343,-195.23044671451413,199.15898303069125,0.0,0.0,0.0
1.931,-341.6060844941756,-130.59679176365233,-204.08860858620903,-1054.6113210951103,-191.49692749766626,198.57007269248498,0.0,0.0,0.0
1.936,-321.66018485346893,-131.06959483833305,-187.82395357871115,-1054.7864348029468,-187.6469323216141,198.37040855595438,0.0,0.0,0.0
1.941,-300.5176944243457,-131.16238024752283,-171.5232442026563,-1055.5380854852774,-183.65513734872556,198.5686603779782,0.0,0.0,0.0
1.945,-278.25170599273264,-130.62391228760987,-155.1191198697621,-1056.856122788812,-179.50073642673016,199.1662690814858,0.0,0.0,0.0
1.95,-254.94019241213277,-129.19934695089253,-138.5298448874675,-1058.7237678954823,-175.1683450498105,200.15751583880552,0.0,0.0,0.0
1.955,-230.66425723735992,-126.63403984765341,-121.6612925460901,-1061.1176202670993,-170.6486390525138,201.52965310879557,0.0,0.0,0.0
1.959,-205.506537433113,-122.67755693939648,-104.40942403354137,-1064.0076396023944,-165.93871008960974,203.2630947691889,0.0,0.0,0.0
1.964,-179.54978653452596,-117.08781822285557,-86.66323275665918,-1067.3570982607173,-161.04214294992963,205.3316639402407,0.0,0.0,0.0
1.969,-152.8756484091766,-109.6352961537083,-68.30810022069747,-1071.1225124770397,-155.96884034081793,207.702897837977,0.0,0.0,0.0
1.973,-125.56361622506773,-100.10718371037171,-49.22948846323174,-1075.253575080289,-150.73463662386214,210.33840910361042,0.0,0.0,0.0
1.978,-97.69016070508795,-88.31144216312892,-29.31687704163534,-1079.6931257400524,-145.3607505722151,213.19430275584546,0.0,0.0,0.0
1.983,-69.32800726669986,-74.08063643810533,-8.467839460285475,-1084.3772047295317,-139.87312680985184,216.22164747085438,0.0,0.0,0.0
1.988,-40.54554314178981,-57.27546684496883,13.407856887747853,-1089.2352409035443,-134.30170703616884,219.36699953727148,0.0,0.0,0.0
1.992,-11.406341952501812,-37.787909955535994,36.384253482601565,-1094.1904227590842,-128.67965921621334,222.57297763500387,0.0,0.0,0.0
1.997,18.031197695968547,-15.543888438871672,60.51544212305428,-1099.1602927692345,-123.04258068002868,225.77888638199627,0.0,0.0,0.0
2.002,47.71409401084174,9.494600575202748,85.83218777710739,-1104.057590603201,-117.42768351422168,228.92138604545173,0.0,0.0,0.0
2.006,77.594891959741,37.327956871643295,112.33907590077636,-1108.7913524208375,-111.8729691344373,231.93520462662642,0.0,0.0,0.0
2.011,107.63162602701135,67.91809238248611,140.01231911768232,-1113.2682537746437,-106.41640230926706,234.7538866710876,0.0,0.0,0.0
2.016,137.78762062362122,101.18821849202405,168.79834123964147,-1117.3941652623146,-101.09510056632827,237.3105709264673,0.0,0.0,0.0
2.02,168.03111547262208,137.02331600984772,198.61323164966078,-1121.0758748297471,-95.94456026637178,239.53878681095554,0.0,0.0,0.0
2.025,198.33470734597034,175.27127941641325,229.3431308027243,-1124.2229195848663,-90.99794403778031,241.37325791459426,0.0,0.0,0.0
2.03,228.6746052255299,215.74470779517702,260.8455690626406,-1126.7494634293896,-86.28545511388788,242.75069958112186,0.0,0.0,0.0
2.035,259.0297034939814,258.2232971255471,292.9517383995849,-1128.5761544840434,-81.8338224541144,243.6105970134153,0.0,0.0,0.0
2.039,289.3804867198401,302.4567736499222,325.4696329507589,-1129.6318976542002,-77.66591669764317,243.89595027435809,0.0,0.0,0.0
2.044,319.7077890819221,348.1682964734227,358.1879538887096,-1129.8554822376775,-73.80051142959005,243.55397300921078,0.0,0.0,0.0
2.049,349.9914405807144,395.05824949742873,390.880639705967,-1129.1970118048316,-70.25219737913638,242.5367326964606,0.0,0.0,0.0
2.053,380.2088401756232,442.80833807327076,423.3118570350286,-1127.6190932659122,-67.03144951815797,240.8017217109203,0.0,0.0,0.0
2.058,410.33350215419273,491.08590415413346,455.24127057582444,-1125.0977533734947,-64.1448392620607,238.3123503956663,0.0,0.0,0.0
2.063,440.33362565841594,539.5483749068155,486.4294040844381,-1121.6230627890684,-61.59537688726856,235.03835560937725,0.0,0.0,0.0
2.067,470.17073793571757,587.8477632774881,516.6429075037719,-1117.1994591135117,-59.38296345961232,230.95612072991497,0.0,0.0,0.0
2.072,499.7984596834325,635.6351443449404,545.6595569023951,-1111.8457702200153,-57.50492712814529,226.04890573498426,0.0,0.0,0.0
2.077,529.161436367426,682.5650379118498,573.2728316461648,-1105.5949477511513,-55.95661531473587,220.30698869714928,0.0,0.0,0.0
2.082,558.1944732548945,728.2996352501937,599.295934679084,-1098.4935280047528,-54.73201175777843,213.7277228198384,0.0,0.0,0.0
2.086,586.8219047261301,772.5128158911673,623.5651450505072,-1090.6008437016878,-53.82434534715258,206.31551592141446,0.0,0.0,0.0
2.091,614.957220869363,814.893908523597,645.9424159800758,-1081.988014969543,-53.226656421532525,198.0817418611606,0.0,0.0,0.0
2.096,642.5029670230304,855.1511581427121,666.3171568588707,-1072.7367508275026,-52.93228637811873,189.04459558955014,0.0,0.0,0.0
2.1,669.350925244869,893.014869308945,684.6071641962352,-1062.9379932931938,-52.93525897545566,179.2289050859491,0.0,0.0,0.0
2.105,695.3825809173858,928.240202507173,700.7586947944937,-1052.6904351394562,-53.230527197271726,168.66591416430452,0.0,0.0,0.0
2.11,720.4698729483658,960.6096069988517,714.7457035904596,-1042.0989399274547,-53.81406780555298,157.39304970930695,0.0,0.0,0.0
2.114,744.476222161118,989.9348792457847,726.5682972527957,-1031.2728901884193,-54.68281566319301,145.45368514931337,0.0,0.0,0.0
2.119,767.2578290419516,1016.0588409911409,736.2504814513218,-1020.3244875890803,-55.83443999917486,132.89690881043796,0.0,0.0,0.0
2.124,788.6652282320202,1038.8566351459401,743.8373038399487,-1009.3670284450835,-57.26697366370818,119.77730133617025,0.0,0.0,0.0
2.129,808.5450820297127,1058.2366401918493,749.3915157700498,-998.5131793203724,-58.97831336045972,106.15472090833084,0.0,0.0,0.0
2.133,826.7421879368605,1074.1410046015014,752.9898932395896,-987.8732801937645,-60.96561372162037,92.09408906655906,0.0,0.0,0.0
2.138,843.1016657418814,1086.545802223304,754.7193707936661,-977.5537056676623,-63.22460090582559,77.66516410979162,0.0,0.0,0.0
2.143,857.4712781197079,1095.4608084912422,754.6731495477546,-967.6553164647944,-65.74883205598475,62.94228401514547,0.0,0.0,0.0
2.147,869.7038259700714,1100.928896371436,752.9469407080279,-958.2720325094856,-68.52892574937322,48.00405712269263,0.0,0.0,0.0
2.152,879.6595470080607,1103.0250505368012,749.6354984145399,-949.4895540949058,-71.55178674538907,32.93297698030533,0.0,0.0,0.0
2.157,887.2084355728432,1101.854998578466,744.8295812026331,-941.3842487146356,-74.79984792823946,17.814937968925634,0.0,0.0,0.0
2.161,892.2323959648996,1097.5534592096367,738.6134612001994,-934.022208991988,-78.25035530500215,2.7386306151664774,0.0,0.0,0.0
2.166,894.6271433700634,1090.2820094803017,731.0630753925956,-927.4584738593007,-81.87472895718386,-12.205200368473491,0.0,0.0,0.0
2.171,894.3037767741101,1080.22657628073,722.2448843267082,-921.7363935353065,-85.63804278355747,-26.924646561345202,0.0,0.0,0.0
2.176,891.1899666280234,1067.5945623828593,712.2154705877699,-916.8871116565397,-89.49867606628354,-41.32767899159634,0.0,0.0,0.0
2.18,885.2307244947898,1052.6116244098785,701.0218726594836,-912.9291369222193,-93.40819718709305,-55.32333983682063,0.0,0.0,0.0
2.185,876.3887500124938,1035.5181295379102,688.7026107881721,-909.8679820834368,-97.31154145346973,-68.82306920989406,0.0,0.0,0.0
2.19,864.644379605511,1016.5653291998054,675.2893230141566,-907.6958588905158,-101.14753934721797,-81.74214342161537,0.0,0.0,0.0
2.194,849.9951889079097,996.0113011844658,660.8088952248394,-906.3914317957343,-104.8498385517226,-94.00119030609117,0.0,0.0,0.0
2.199,832.4553245041316,974.1167256565936,645.2859419203835,-905.919648766005,-108.34824400197718,-105.52773617511708,0.0,0.0,0.0
2.204,812.0546582485283,951.1405747062714,628.7454757062994,-906.2316825618177,-111.57047630923599,-116.25772886237071,0.0,0.0,0.0
2.208,788.837867278867,927.3358076552692,611.215593762525,-907.265028474762,-114.4443216302902,-126.13697374744083,0.0,0.0,0.0
2.213,762.8635435534159,902.9451739208575,592.7300098367913,-908.943813089099,-116.90011726912559,-135.1224160248154,0.0,0.0,0.0
2.218,734.203427657192,878.1972303585828,573.3302726715544,-911.1793715122765,-118.87348926502416,-143.1832035678392,0.0,0.0,0.0
2.223,702.9418428735609,853.3026798103024,553.0675370530089,-913.8711463324515,-120.30823283400159,-150.30147065888926,0.0,0.0,0.0
2.227,669.1753782607135,828.4511319306805,532.0037895004486,-916.9079497606401,-121.15920512490605,-156.4727932369353,0.0,0.0,0.0
2.232,633.0128362042568,803.8083767347116,510.2124715590934,-920.1696117406829,-121.39508356604608,-161.70628036633008,0.0,0.0,0.0
2.237,594.5754244037194,779.5142467258031,487.7784838970801,-923.5290131651411,-121.00083385956057,-166.02428325030644,0.0,0.0,0.0
2.241,553.9971387878463,755.6811263284184,464.79759048572345,-926.8544771657383,-119.97973184581214,-169.46172100965583,0.0,0.0,0.0
2.246,511.4252562488578,732.39314881352,441.37527309995323,-930.0124650316761,-118.35479549935098,-172.065040339305,0.0,0.0,0.0
2.251,467.02083701247534,709.7061013505079,417.62511197760716,-932.8704984535206,-116.16950862717133,-173.89084292642843,0.0,0.0,0.0
2.255,420.9591272890815,687.6480382125823,393.666788263117,-935.3002081265927,-113.48775553732177,-175.00422926270767,0.0,0.0,0.0
2.26,373.42975368380627,666.2205808112607,369.623817350962,-937.1803921669604,-110.39293247015995,-175.47691951728305,0.0,0.0,0.0
2.265,324.63661071604577,645.4008620461069,345.62112900046907,-938.399958446437,-106.98625152207433,-175.38522098054116,0.0,0.0,0.0
2.27,274.797360142924,625.1440527052899,321.78260966883255,-938.8606247550757,-103.38430045140895,-174.80791702466973,0.0,0.0,0.0
2.274,224.14248388850328,605.3863906922635,298.22871480904695,-938.4792606027089,-99.715962627446,-173.82415462645653,0.0,0.0,0.0
2.279,172.91385951412587,586.04862081175,275.0742445294716,-937.1897739557736,-96.11883276993406,-172.51140657228908,0.0,0.0,0.0
2.284,121.36285636423469,567.0397443100953,252.42635632811846,-934.9444732980129,-92.73528478717338,-170.9435809014347,0.0,0.0,0.0
2.288,69.74797949531138,548.2609731768588,230.38286564206877,-931.7148670784162,-89.70835752669268,-169.18934419953666,0.0,0.0,0.0
2.293,18.332114822583318,529.6097835722614,209.0308617039753,-927.4918953026851,-87.17762282217696,-167.31071703581284,0.0,0.0,0.0
2.298,-32.620549550327716,510.9839645532469,188.4456462467894,-922.2856181515905,-85.27518895748102,-165.36198895965578,0.0,0.0,0.0
2.302,-82.84783561196043,492.28556154643843,168.68998865319904,-916.1244110403918,-84.12197373514792,-163.38898691143467,0.0,0.0,0.0
2.307,-132.09302282502432,473.4246181301754,149.81368372171445,-909.0537327199127,-83.82435763010352,-161.42871487509896,0.0,0.0,0.0
2.312,-180.10833060293177,454.3226244441427,131.85339579435515,-901.1345428917932,-84.4713018925519,-159.50936479543589,0.0,0.0,0.0
2.317,-226.65834036435498,434.9155861533491,114.83277348714547,-892.4414495367647,-86.13199127425578,-157.65068028745821,0.0,0.0,0.0
2.321,-271.5232706991629,415.1566348199359,98.76282114865211,-883.0606646723458,-88.85403819214211,-155.86463675730138,0.0,0.0,0.0
2.326,-314.50203090215985,395.0181093145308,83.64251520405405,-873.0878410145025,-92.66226616761396,-154.1563855640843,0.0,0.0,0.0
2.331,-355.41499053388816,374.4930489762854,69.45965429675137,-862.6258519742181,-97.55807623150186,-152.52539713314957,0.0,0.0,0.0
2.335,-394.10641410640443,353.5960528042156,56.191930366108735,-851.7825655135426,-103.51939065675734,-150.96672971203617,0.0,0.0,0.0
2.34,-430.4465194519694,332.36347488853664,43.808203097639755,-840.6686509962273,-110.50116276765327,-149.47234754657507,0.0,0.0,0.0
2.345,-464.33312529028416,310.8529442634939,32.269953088420515,-829.3954494366656,-118.43643761765894,-148.0324147879632,0.0,0.0,0.0
2.349,-495.6928577679416,289.14221711885045,21.53288053868299,-818.0729328674115,-127.23794362023393,-146.6364988849876,0.0,0.0,0.0
2.354,-524.4818877968419,267.3273903867531,11.548607153118152,-806.807778083063,-136.80018796336736,-145.27462854477872,0.0,0.0,0.0
2.359,-550.6861723980943,245.52052703503122,2.2664300483408635,-795.701582570297,-147.00201834731178,-143.938165298739,0.0,0.0,0.0
2.364,-574.3211759858815,223.84676336293415,-6.364930894262085,-784.8492538037135,-157.70960093725338,-142.62046294952913,0.0,0.0,0.0
2.368,-595.431053151464,202.44098583077846,-14.395655197330635,-774.3376048059596,-168.77975053482027,-141.31730436986112,0.0,0.0,0.0
2.373,-614.0872837443208,181.44417870533468,-21.87327745828238,-764.2441868950799,-180.0635346357481,-140.02711903640414,0.0,0.0,0.0
2.378,-630.3867640161999,160.99955373890148,-28.841338882108275,-754.6363838092811,-191.41005857021915,-138.75099631762743,0.0,0.0,0.0
2.382,-644.4493740370996,141.24857906020787,-35.338293436441226,-745.570780189364,-202.67032479713777,-137.49251834355937,0.0,0.0,0.0
2.387,-656.4150607633907,122.32702652968663,-41.396721245390744,-737.0928033810383,-213.70104699660533,-136.25744225591015,0.0,0.0,0.0
2.392,-666.4404966233068,104.36115547437963,-47.042891888808164,-729.2366233748639,-224.3682911011976,-135.053265151038,0.0,0.0,0.0
2.396,-674.6953933574689,87.46414668450743,-52.29670582483294,-722.025284332361,-234.5508132666295,-133.88870658760712,0.0,0.0,0.0
2.401,-681.3585682012878,71.73289444523574,-57.17202358439346,-715.4710346861076,-244.142970759373,-132.77314353700973,0.0,0.0,0.0
2.406,-686.6138729169829,57.24525639794746,-61.67737074389109,-709.5758219378106,-253.05709610945627,-131.7160313707362,0.0,0.0,0.0
2.411,-690.6461048644845,44.057850900590466,-65.8169831428942,-704.3319222097512,-261.2252462666538,-130.72634213585482,0.0,0.0,0.0
2.415,-693.6370228667901,32.20447886779872,-69.59213261424547,-699.7226814459677,-268.60026474691875,-129.81204819206462,0.0,0.0,0.0
2.42,-695.7615891208328,21.695231675145518,-73.00265045199524,-695.72335258475,-275.1561240704519,-128.97967538233505,0.0,0.0,0.0
2.425,-697.1845524376162,12.516328805203786,-76.04854682230328,-692.3020189728588,-280.8875467093188,-128.2339452933006,0.0,0.0,0.0
2.429,-698.0574787142463,4.63070886716518,-78.73161258385683,-689.4205975103541,-285.8089332986391,-127.57752093172219,0.0,0.0,0.0
